major_theme,mid_level_theme,level,connection_type,reference,notes
Creation & Cosmology,Six Days of Creation,MID_LEVEL,,,Six Days of Creation - 7 connections
Creation & Cosmology,Six Days of Creation,FINE_GRAINED,Direct Reference,Genesis 1:1-2:3,
Creation & Cosmology,Six Days of Creation,FINE_GRAINED,Direct Reference,John 1:1-3,
Creation & Cosmology,Six Days of Creation,FINE_GRAINED,Direct Reference,Psalm 33:6-9,
Creation & Cosmology,Six Days of Creation,FINE_GRAINED,Direct Reference,Proverbs 8:22-31,
Creation & Cosmology,Six Days of Creation,FINE_GRAINED,Direct Reference,2 Corinthians 4:6,
Creation & Cosmology,Six Days of Creation,FINE_GRAINED,Direct Reference,Colossians 1:16-17,
Creation & Cosmology,Six Days of Creation,FINE_GRAINED,Direct Reference,Hebrews 11:3,
Creation & Cosmology,Garden of Eden,MID_LEVEL,,,Garden of Eden - 7 connections
Creation & Cosmology,Garden of Eden,FINE_GRAINED,Direct Reference,Genesis 2-3,
Creation & Cosmology,Garden of Eden,FINE_GRAINED,Direct Reference,Ezekiel 28:11-19,
Creation & Cosmology,Garden of Eden,FINE_GRAINED,Direct Reference,Revelation 2:7,
Creation & Cosmology,Garden of Eden,FINE_GRAINED,Direct Reference,Revelation 22:1-5,
Creation & Cosmology,Garden of Eden,FINE_GRAINED,Direct Reference,1 Corinthians 15:45-49,
Creation & Cosmology,Garden of Eden,FINE_GRAINED,Direct Reference,2 Esdras 8:52-54,
Creation & Cosmology,Garden of Eden,FINE_GRAINED,Direct Reference,4 Ezra 7:123,
Creation & Cosmology,Primeval History,MID_LEVEL,,,Primeval History - 7 connections
Creation & Cosmology,Primeval History,FINE_GRAINED,Direct Reference,Genesis 4-11,
Creation & Cosmology,Primeval History,FINE_GRAINED,Direct Reference,1 Chronicles 1:1-4,
Creation & Cosmology,Primeval History,FINE_GRAINED,Direct Reference,Luke 3:36-38,
Creation & Cosmology,Primeval History,FINE_GRAINED,Direct Reference,Jubilees 4-5,
Creation & Cosmology,Primeval History,FINE_GRAINED,Direct Reference,1 Enoch 6-11,
Creation & Cosmology,Primeval History,FINE_GRAINED,Direct Reference,Sirach 44-50,
Creation & Cosmology,Primeval History,FINE_GRAINED,Direct Reference,Wisdom 10-19,
Creation & Cosmology,Divine Order,MID_LEVEL,,,Divine Order - 7 connections
Creation & Cosmology,Divine Order,FINE_GRAINED,Direct Reference,Psalm 104,
Creation & Cosmology,Divine Order,FINE_GRAINED,Direct Reference,Job 38-41,
Creation & Cosmology,Divine Order,FINE_GRAINED,Direct Reference,Isaiah 45:18-19,
Creation & Cosmology,Divine Order,FINE_GRAINED,Direct Reference,Jeremiah 10:12-13,
Creation & Cosmology,Divine Order,FINE_GRAINED,Direct Reference,Amos 4:13,
Creation & Cosmology,Divine Order,FINE_GRAINED,Direct Reference,Acts 17:24-28,
Creation & Cosmology,Divine Order,FINE_GRAINED,Direct Reference,Wisdom 7:15-21,
Covenant & Promise,Noahic Covenant,MID_LEVEL,,,Noahic Covenant - 8 connections
Covenant & Promise,Noahic Covenant,FINE_GRAINED,Direct Reference,Genesis 6:5-9:17,
Covenant & Promise,Noahic Covenant,FINE_GRAINED,Direct Reference,Isaiah 54:9-10,
Covenant & Promise,Noahic Covenant,FINE_GRAINED,Direct Reference,Jeremiah 33:20-26,
Covenant & Promise,Noahic Covenant,FINE_GRAINED,Direct Reference,1 Peter 3:20-22,
Covenant & Promise,Noahic Covenant,FINE_GRAINED,Direct Reference,2 Peter 2:5,
Covenant & Promise,Noahic Covenant,FINE_GRAINED,Direct Reference,Sirach 44:17-18,
Covenant & Promise,Noahic Covenant,FINE_GRAINED,Direct Reference,Wisdom 10:4,
Covenant & Promise,Noahic Covenant,FINE_GRAINED,Direct Reference,Jubilees 6:1-24,
Covenant & Promise,Abrahamic Covenant,MID_LEVEL,,,Abrahamic Covenant - 8 connections
Covenant & Promise,Abrahamic Covenant,FINE_GRAINED,Direct Reference,Genesis 12-25,
Covenant & Promise,Abrahamic Covenant,FINE_GRAINED,Direct Reference,Romans 4,
Covenant & Promise,Abrahamic Covenant,FINE_GRAINED,Direct Reference,Galatians 3:6-29,
Covenant & Promise,Abrahamic Covenant,FINE_GRAINED,Direct Reference,Hebrews 11:8-19,
Covenant & Promise,Abrahamic Covenant,FINE_GRAINED,Direct Reference,Sirach 44:19-23,
Covenant & Promise,Abrahamic Covenant,FINE_GRAINED,Direct Reference,Jubilees 12-22,
Covenant & Promise,Abrahamic Covenant,FINE_GRAINED,Direct Reference,1 Maccabees 2:52-60,
Covenant & Promise,Abrahamic Covenant,FINE_GRAINED,Direct Reference,Acts 7:2-8,
Covenant & Promise,Sinai Covenant,MID_LEVEL,,,Sinai Covenant - 7 connections
Covenant & Promise,Sinai Covenant,FINE_GRAINED,Direct Reference,Exodus 19-24,
Covenant & Promise,Sinai Covenant,FINE_GRAINED,Direct Reference,Deuteronomy 5,
Covenant & Promise,Sinai Covenant,FINE_GRAINED,Direct Reference,Jeremiah 31:31-34,
Covenant & Promise,Sinai Covenant,FINE_GRAINED,Direct Reference,Hebrews 8-10,
Covenant & Promise,Sinai Covenant,FINE_GRAINED,Direct Reference,2 Corinthians 3:4-18,
Covenant & Promise,Sinai Covenant,FINE_GRAINED,Direct Reference,Sirach 24:23-29,
Covenant & Promise,Sinai Covenant,FINE_GRAINED,Direct Reference,Jubilees 30-31,
Covenant & Promise,Davidic Covenant,MID_LEVEL,,,Davidic Covenant - 8 connections
Covenant & Promise,Davidic Covenant,FINE_GRAINED,Direct Reference,2 Samuel 7,
Covenant & Promise,Davidic Covenant,FINE_GRAINED,Direct Reference,Psalm 89,
Covenant & Promise,Davidic Covenant,FINE_GRAINED,Direct Reference,Psalm 132,
Covenant & Promise,Davidic Covenant,FINE_GRAINED,Direct Reference,Isaiah 11:1-10,
Covenant & Promise,Davidic Covenant,FINE_GRAINED,Direct Reference,Jeremiah 23:5-6,
Covenant & Promise,Davidic Covenant,FINE_GRAINED,Direct Reference,Ezekiel 34:23-24,
Covenant & Promise,Davidic Covenant,FINE_GRAINED,Direct Reference,Amos 9:11-15,
Covenant & Promise,Davidic Covenant,FINE_GRAINED,Direct Reference,Acts 2:25-36,
Exodus & Redemption,Slavery in Egypt,MID_LEVEL,,,Slavery in Egypt - 7 connections
Exodus & Redemption,Slavery in Egypt,FINE_GRAINED,Direct Reference,Exodus 1-2,
Exodus & Redemption,Slavery in Egypt,FINE_GRAINED,Direct Reference,Leviticus 26:13,
Exodus & Redemption,Slavery in Egypt,FINE_GRAINED,Direct Reference,Deuteronomy 28:68,
Exodus & Redemption,Slavery in Egypt,FINE_GRAINED,Direct Reference,Acts 7:6-19,
Exodus & Redemption,Slavery in Egypt,FINE_GRAINED,Direct Reference,Sirach 45:1-6,
Exodus & Redemption,Slavery in Egypt,FINE_GRAINED,Direct Reference,Wisdom 18-19,
Exodus & Redemption,Slavery in Egypt,FINE_GRAINED,Direct Reference,Jubilees 34-46,
Exodus & Redemption,The Plagues,MID_LEVEL,,,The Plagues - 7 connections
Exodus & Redemption,The Plagues,FINE_GRAINED,Direct Reference,Exodus 7-12,
Exodus & Redemption,The Plagues,FINE_GRAINED,Direct Reference,Psalm 78:42-51,
Exodus & Redemption,The Plagues,FINE_GRAINED,Direct Reference,Psalm 105:26-36,
Exodus & Redemption,The Plagues,FINE_GRAINED,Direct Reference,Wisdom 16-18,
Exodus & Redemption,The Plagues,FINE_GRAINED,Direct Reference,Revelation 8-16,
Exodus & Redemption,The Plagues,FINE_GRAINED,Direct Reference,Jubilees 48-49,
Exodus & Redemption,The Plagues,FINE_GRAINED,Direct Reference,1 Maccabees 2:64-68,
Exodus & Redemption,Passover,MID_LEVEL,,,Passover - 8 connections
Exodus & Redemption,Passover,FINE_GRAINED,Direct Reference,Exodus 12-13,
Exodus & Redemption,Passover,FINE_GRAINED,Direct Reference,Leviticus 23:5-8,
Exodus & Redemption,Passover,FINE_GRAINED,Direct Reference,Numbers 9:1-14,
Exodus & Redemption,Passover,FINE_GRAINED,Direct Reference,Deuteronomy 16:1-8,
Exodus & Redemption,Passover,FINE_GRAINED,Direct Reference,Joshua 5:10-12,
Exodus & Redemption,Passover,FINE_GRAINED,Direct Reference,2 Kings 23:21-23,
Exodus & Redemption,Passover,FINE_GRAINED,Direct Reference,2 Chronicles 30,
Exodus & Redemption,Passover,FINE_GRAINED,Direct Reference,Ezra 6:19-22,
Exodus & Redemption,Redemption from Egypt,MID_LEVEL,,,Redemption from Egypt - 8 connections
Exodus & Redemption,Redemption from Egypt,FINE_GRAINED,Direct Reference,Exodus 14-15,
Exodus & Redemption,Redemption from Egypt,FINE_GRAINED,Direct Reference,Judges 11:26,
Exodus & Redemption,Redemption from Egypt,FINE_GRAINED,Direct Reference,1 Samuel 12:8,
Exodus & Redemption,Redemption from Egypt,FINE_GRAINED,Direct Reference,2 Samuel 7:6,
Exodus & Redemption,Redemption from Egypt,FINE_GRAINED,Direct Reference,Nehemiah 9:9-15,
Exodus & Redemption,Redemption from Egypt,FINE_GRAINED,Direct Reference,Psalm 78,
Exodus & Redemption,Redemption from Egypt,FINE_GRAINED,Direct Reference,Psalm 105-106,
Exodus & Redemption,Redemption from Egypt,FINE_GRAINED,Direct Reference,Isaiah 11:15-16,
Wilderness & Revelation,Wilderness Journey,MID_LEVEL,,,Wilderness Journey - 7 connections
Wilderness & Revelation,Wilderness Journey,FINE_GRAINED,Direct Reference,Numbers 10-21,
Wilderness & Revelation,Wilderness Journey,FINE_GRAINED,Direct Reference,Deuteronomy 1-3,
Wilderness & Revelation,Wilderness Journey,FINE_GRAINED,Direct Reference,Psalm 78:12-16,
Wilderness & Revelation,Wilderness Journey,FINE_GRAINED,Direct Reference,Psalm 107:4-9,
Wilderness & Revelation,Wilderness Journey,FINE_GRAINED,Direct Reference,Hebrews 3-4,
Wilderness & Revelation,Wilderness Journey,FINE_GRAINED,Direct Reference,1 Corinthians 10:1-13,
Wilderness & Revelation,Wilderness Journey,FINE_GRAINED,Direct Reference,Jubilees 47-50,
Wilderness & Revelation,Divine Provision,MID_LEVEL,,,Divine Provision - 7 connections
Wilderness & Revelation,Divine Provision,FINE_GRAINED,Direct Reference,Exodus 16,
Wilderness & Revelation,Divine Provision,FINE_GRAINED,Direct Reference,Numbers 11,
Wilderness & Revelation,Divine Provision,FINE_GRAINED,Direct Reference,Deuteronomy 8,
Wilderness & Revelation,Divine Provision,FINE_GRAINED,Direct Reference,Nehemiah 9:15-21,
Wilderness & Revelation,Divine Provision,FINE_GRAINED,Direct Reference,Psalm 78:23-31,
Wilderness & Revelation,Divine Provision,FINE_GRAINED,Direct Reference,John 6:31-35,
Wilderness & Revelation,Divine Provision,FINE_GRAINED,Direct Reference,1 Corinthians 10:3-4,
Wilderness & Revelation,Tabernacle & Worship,MID_LEVEL,,,Tabernacle & Worship - 7 connections
Wilderness & Revelation,Tabernacle & Worship,FINE_GRAINED,Direct Reference,Exodus 25-40,
Wilderness & Revelation,Tabernacle & Worship,FINE_GRAINED,Direct Reference,Leviticus 1-7,
Wilderness & Revelation,Tabernacle & Worship,FINE_GRAINED,Direct Reference,Numbers 1-10,
Wilderness & Revelation,Tabernacle & Worship,FINE_GRAINED,Direct Reference,Hebrews 8-9,
Wilderness & Revelation,Tabernacle & Worship,FINE_GRAINED,Direct Reference,2 Chronicles 5-7,
Wilderness & Revelation,Tabernacle & Worship,FINE_GRAINED,Direct Reference,Ezekiel 40-48,
Wilderness & Revelation,Tabernacle & Worship,FINE_GRAINED,Direct Reference,Revelation 21-22,
Wilderness & Revelation,Rebellion & Consequence,MID_LEVEL,,,Rebellion & Consequence - 7 connections
Wilderness & Revelation,Rebellion & Consequence,FINE_GRAINED,Direct Reference,Numbers 13-14,
Wilderness & Revelation,Rebellion & Consequence,FINE_GRAINED,Direct Reference,Numbers 20,
Wilderness & Revelation,Rebellion & Consequence,FINE_GRAINED,Direct Reference,Numbers 21:4-9,
Wilderness & Revelation,Rebellion & Consequence,FINE_GRAINED,Direct Reference,Deuteronomy 1:19-46,
Wilderness & Revelation,Rebellion & Consequence,FINE_GRAINED,Direct Reference,Psalm 95:7-11,
Wilderness & Revelation,Rebellion & Consequence,FINE_GRAINED,Direct Reference,Hebrews 3:7-19,
Wilderness & Revelation,Rebellion & Consequence,FINE_GRAINED,Direct Reference,1 Corinthians 10:6-11,
Prophecy & Revelation,Prophetic Calling,MID_LEVEL,,,Prophetic Calling - 8 connections
Prophecy & Revelation,Prophetic Calling,FINE_GRAINED,Direct Reference,Isaiah 6,
Prophecy & Revelation,Prophetic Calling,FINE_GRAINED,Direct Reference,Jeremiah 1,
Prophecy & Revelation,Prophetic Calling,FINE_GRAINED,Direct Reference,Ezekiel 1-3,
Prophecy & Revelation,Prophetic Calling,FINE_GRAINED,Direct Reference,Amos 7:14-15,
Prophecy & Revelation,Prophetic Calling,FINE_GRAINED,Direct Reference,Jonah 1-3,
Prophecy & Revelation,Prophetic Calling,FINE_GRAINED,Direct Reference,Hosea 1-2,
Prophecy & Revelation,Prophetic Calling,FINE_GRAINED,Direct Reference,Micah 3:8,
Prophecy & Revelation,Prophetic Calling,FINE_GRAINED,Direct Reference,1 Kings 19:19-21,
Prophecy & Revelation,Prophetic Visions,MID_LEVEL,,,Prophetic Visions - 7 connections
Prophecy & Revelation,Prophetic Visions,FINE_GRAINED,Direct Reference,Isaiah 6,
Prophecy & Revelation,Prophetic Visions,FINE_GRAINED,Direct Reference,Ezekiel 1-3,
Prophecy & Revelation,Prophetic Visions,FINE_GRAINED,Direct Reference,Daniel 7-12,
Prophecy & Revelation,Prophetic Visions,FINE_GRAINED,Direct Reference,Zechariah 1-8,
Prophecy & Revelation,Prophetic Visions,FINE_GRAINED,Direct Reference,Amos 7-9,
Prophecy & Revelation,Prophetic Visions,FINE_GRAINED,Direct Reference,Revelation 1-22,
Prophecy & Revelation,Prophetic Visions,FINE_GRAINED,Direct Reference,1 Enoch 72-82,
Prophecy & Revelation,Prophetic Oracles,MID_LEVEL,,,Prophetic Oracles - 8 connections
Prophecy & Revelation,Prophetic Oracles,FINE_GRAINED,Direct Reference,Isaiah 13-23,
Prophecy & Revelation,Prophetic Oracles,FINE_GRAINED,Direct Reference,Jeremiah 46-51,
Prophecy & Revelation,Prophetic Oracles,FINE_GRAINED,Direct Reference,Ezekiel 25-32,
Prophecy & Revelation,Prophetic Oracles,FINE_GRAINED,Direct Reference,Amos 1-2,
Prophecy & Revelation,Prophetic Oracles,FINE_GRAINED,Direct Reference,Obadiah,
Prophecy & Revelation,Prophetic Oracles,FINE_GRAINED,Direct Reference,Nahum,
Prophecy & Revelation,Prophetic Oracles,FINE_GRAINED,Direct Reference,Zephaniah 2,
Prophecy & Revelation,Prophetic Oracles,FINE_GRAINED,Direct Reference,Revelation 17-18,
Prophecy & Revelation,Day of the Lord,MID_LEVEL,,,Day of the Lord - 8 connections
Prophecy & Revelation,Day of the Lord,FINE_GRAINED,Direct Reference,Joel 2,
Prophecy & Revelation,Day of the Lord,FINE_GRAINED,Direct Reference,Zephaniah 1,
Prophecy & Revelation,Day of the Lord,FINE_GRAINED,Direct Reference,Obadiah 15-21,
Prophecy & Revelation,Day of the Lord,FINE_GRAINED,Direct Reference,Malachi 4,
Prophecy & Revelation,Day of the Lord,FINE_GRAINED,Direct Reference,Isaiah 24-27,
Prophecy & Revelation,Day of the Lord,FINE_GRAINED,Direct Reference,Ezekiel 7,
Prophecy & Revelation,Day of the Lord,FINE_GRAINED,Direct Reference,1 Thessalonians 5,
Prophecy & Revelation,Day of the Lord,FINE_GRAINED,Direct Reference,2 Peter 3,
Wisdom & Understanding,Nature of Wisdom,MID_LEVEL,,,Nature of Wisdom - 7 connections
Wisdom & Understanding,Nature of Wisdom,FINE_GRAINED,Direct Reference,Proverbs 1-9,
Wisdom & Understanding,Nature of Wisdom,FINE_GRAINED,Direct Reference,Job 28,
Wisdom & Understanding,Nature of Wisdom,FINE_GRAINED,Direct Reference,Sirach 1-24,
Wisdom & Understanding,Nature of Wisdom,FINE_GRAINED,Direct Reference,Wisdom 6-10,
Wisdom & Understanding,Nature of Wisdom,FINE_GRAINED,Direct Reference,Daniel 2:20-23,
Wisdom & Understanding,Nature of Wisdom,FINE_GRAINED,Direct Reference,James 1:5,
Wisdom & Understanding,Nature of Wisdom,FINE_GRAINED,Direct Reference,Colossians 2:3,
Wisdom & Understanding,Fear of the Lord,MID_LEVEL,,,Fear of the Lord - 7 connections
Wisdom & Understanding,Fear of the Lord,FINE_GRAINED,Direct Reference,Proverbs 1:7,
Wisdom & Understanding,Fear of the Lord,FINE_GRAINED,Direct Reference,Proverbs 9:10,
Wisdom & Understanding,Fear of the Lord,FINE_GRAINED,Direct Reference,Job 28:28,
Wisdom & Understanding,Fear of the Lord,FINE_GRAINED,Direct Reference,Psalm 111:10,
Wisdom & Understanding,Fear of the Lord,FINE_GRAINED,Direct Reference,Ecclesiastes 12:13,
Wisdom & Understanding,Fear of the Lord,FINE_GRAINED,Direct Reference,Sirach 1:12-20,
Wisdom & Understanding,Fear of the Lord,FINE_GRAINED,Direct Reference,Acts 9:31,
Wisdom & Understanding,Parables & Riddles,MID_LEVEL,,,Parables & Riddles - 8 connections
Wisdom & Understanding,Parables & Riddles,FINE_GRAINED,Direct Reference,Judges 14,
Wisdom & Understanding,Parables & Riddles,FINE_GRAINED,Direct Reference,2 Samuel 12,
Wisdom & Understanding,Parables & Riddles,FINE_GRAINED,Direct Reference,1 Kings 20,
Wisdom & Understanding,Parables & Riddles,FINE_GRAINED,Direct Reference,Ezekiel 17,
Wisdom & Understanding,Parables & Riddles,FINE_GRAINED,Direct Reference,Hosea 12:10,
Wisdom & Understanding,Parables & Riddles,FINE_GRAINED,Direct Reference,Psalm 49,
Wisdom & Understanding,Parables & Riddles,FINE_GRAINED,Direct Reference,Psalm 78,
Wisdom & Understanding,Parables & Riddles,FINE_GRAINED,Direct Reference,Mark 4,
Wisdom & Understanding,Two Ways,MID_LEVEL,,,Two Ways - 7 connections
Wisdom & Understanding,Two Ways,FINE_GRAINED,Direct Reference,Deuteronomy 30,
Wisdom & Understanding,Two Ways,FINE_GRAINED,Direct Reference,Psalm 1,
Wisdom & Understanding,Two Ways,FINE_GRAINED,Direct Reference,Jeremiah 21:8,
Wisdom & Understanding,Two Ways,FINE_GRAINED,Direct Reference,Proverbs 4,
Wisdom & Understanding,Two Ways,FINE_GRAINED,Direct Reference,Sirach 15:14-17,
Wisdom & Understanding,Two Ways,FINE_GRAINED,Direct Reference,Matthew 7:13-14,
Wisdom & Understanding,Two Ways,FINE_GRAINED,Direct Reference,2 Peter 2:20-22,
Kingship & Messiah,Divine Kingship,MID_LEVEL,,,Divine Kingship - 8 connections
Kingship & Messiah,Divine Kingship,FINE_GRAINED,Direct Reference,Psalm 47,
Kingship & Messiah,Divine Kingship,FINE_GRAINED,Direct Reference,Psalm 93,
Kingship & Messiah,Divine Kingship,FINE_GRAINED,Direct Reference,Psalm 97,
Kingship & Messiah,Divine Kingship,FINE_GRAINED,Direct Reference,Psalm 99,
Kingship & Messiah,Divine Kingship,FINE_GRAINED,Direct Reference,Isaiah 6:5,
Kingship & Messiah,Divine Kingship,FINE_GRAINED,Direct Reference,Jeremiah 10:7,
Kingship & Messiah,Divine Kingship,FINE_GRAINED,Direct Reference,Daniel 4:34-35,
Kingship & Messiah,Divine Kingship,FINE_GRAINED,Direct Reference,1 Timothy 6:15-16,
Kingship & Messiah,Davidic King,MID_LEVEL,,,Davidic King - 8 connections
Kingship & Messiah,Davidic King,FINE_GRAINED,Direct Reference,2 Samuel 7,
Kingship & Messiah,Davidic King,FINE_GRAINED,Direct Reference,Psalm 2,
Kingship & Messiah,Davidic King,FINE_GRAINED,Direct Reference,Psalm 72,
Kingship & Messiah,Davidic King,FINE_GRAINED,Direct Reference,Psalm 89,
Kingship & Messiah,Davidic King,FINE_GRAINED,Direct Reference,Psalm 110,
Kingship & Messiah,Davidic King,FINE_GRAINED,Direct Reference,Isaiah 11,
Kingship & Messiah,Davidic King,FINE_GRAINED,Direct Reference,Jeremiah 23,
Kingship & Messiah,Davidic King,FINE_GRAINED,Direct Reference,Ezekiel 34,
Kingship & Messiah,Messianic Prophecies,MID_LEVEL,,,Messianic Prophecies - 8 connections
Kingship & Messiah,Messianic Prophecies,FINE_GRAINED,Direct Reference,Isaiah 7:14,
Kingship & Messiah,Messianic Prophecies,FINE_GRAINED,Direct Reference,Isaiah 9:6-7,
Kingship & Messiah,Messianic Prophecies,FINE_GRAINED,Direct Reference,Isaiah 53,
Kingship & Messiah,Messianic Prophecies,FINE_GRAINED,Direct Reference,Jeremiah 23:5-6,
Kingship & Messiah,Messianic Prophecies,FINE_GRAINED,Direct Reference,Ezekiel 37:24-28,
Kingship & Messiah,Messianic Prophecies,FINE_GRAINED,Direct Reference,Daniel 7:13-14,
Kingship & Messiah,Messianic Prophecies,FINE_GRAINED,Direct Reference,Micah 5:2-5,
Kingship & Messiah,Messianic Prophecies,FINE_GRAINED,Direct Reference,Zechariah 9:9,
Kingship & Messiah,Royal Psalms,MID_LEVEL,,,Royal Psalms - 9 connections
Kingship & Messiah,Royal Psalms,FINE_GRAINED,Direct Reference,Psalm 2,
Kingship & Messiah,Royal Psalms,FINE_GRAINED,Direct Reference,Psalm 18,
Kingship & Messiah,Royal Psalms,FINE_GRAINED,Direct Reference,Psalm 20,
Kingship & Messiah,Royal Psalms,FINE_GRAINED,Direct Reference,Psalm 21,
Kingship & Messiah,Royal Psalms,FINE_GRAINED,Direct Reference,Psalm 45,
Kingship & Messiah,Royal Psalms,FINE_GRAINED,Direct Reference,Psalm 72,
Kingship & Messiah,Royal Psalms,FINE_GRAINED,Direct Reference,Psalm 89,
Kingship & Messiah,Royal Psalms,FINE_GRAINED,Direct Reference,Psalm 110,
Kingship & Messiah,Royal Psalms,FINE_GRAINED,Direct Reference,Psalm 144,
Temple & Worship,Tabernacle,MID_LEVEL,,,Tabernacle - 7 connections
Temple & Worship,Tabernacle,FINE_GRAINED,Direct Reference,Exodus 25-40,
Temple & Worship,Tabernacle,FINE_GRAINED,Direct Reference,Numbers 1-10,
Temple & Worship,Tabernacle,FINE_GRAINED,Direct Reference,Hebrews 8-9,
Temple & Worship,Tabernacle,FINE_GRAINED,Direct Reference,Revelation 21,
Temple & Worship,Tabernacle,FINE_GRAINED,Direct Reference,2 Chronicles 5-7,
Temple & Worship,Tabernacle,FINE_GRAINED,Direct Reference,Acts 7:44-50,
Temple & Worship,Tabernacle,FINE_GRAINED,Direct Reference,Sirach 24:23-29,
Temple & Worship,Solomon's Temple,MID_LEVEL,,,Solomon's Temple - 7 connections
Temple & Worship,Solomon's Temple,FINE_GRAINED,Direct Reference,1 Kings 5-8,
Temple & Worship,Solomon's Temple,FINE_GRAINED,Direct Reference,2 Chronicles 2-7,
Temple & Worship,Solomon's Temple,FINE_GRAINED,Direct Reference,Psalm 132,
Temple & Worship,Solomon's Temple,FINE_GRAINED,Direct Reference,Ezekiel 40-48,
Temple & Worship,Solomon's Temple,FINE_GRAINED,Direct Reference,Haggai 2,
Temple & Worship,Solomon's Temple,FINE_GRAINED,Direct Reference,Zechariah 6:12-13,
Temple & Worship,Solomon's Temple,FINE_GRAINED,Direct Reference,John 2:19-21,
Temple & Worship,Priesthood,MID_LEVEL,,,Priesthood - 8 connections
Temple & Worship,Priesthood,FINE_GRAINED,Direct Reference,Exodus 28-29,
Temple & Worship,Priesthood,FINE_GRAINED,Direct Reference,Leviticus 8-10,
Temple & Worship,Priesthood,FINE_GRAINED,Direct Reference,Numbers 18,
Temple & Worship,Priesthood,FINE_GRAINED,Direct Reference,Deuteronomy 18,
Temple & Worship,Priesthood,FINE_GRAINED,Direct Reference,Psalm 110,
Temple & Worship,Priesthood,FINE_GRAINED,Direct Reference,Hebrews 5-7,
Temple & Worship,Priesthood,FINE_GRAINED,Direct Reference,1 Peter 2:5-9,
Temple & Worship,Priesthood,FINE_GRAINED,Direct Reference,Revelation 1:6,
Temple & Worship,Sacrifices & Offerings,MID_LEVEL,,,Sacrifices & Offerings - 8 connections
Temple & Worship,Sacrifices & Offerings,FINE_GRAINED,Direct Reference,Leviticus 1-7,
Temple & Worship,Sacrifices & Offerings,FINE_GRAINED,Direct Reference,Numbers 28-29,
Temple & Worship,Sacrifices & Offerings,FINE_GRAINED,Direct Reference,Deuteronomy 12,
Temple & Worship,Sacrifices & Offerings,FINE_GRAINED,Direct Reference,Psalm 40:6,
Temple & Worship,Sacrifices & Offerings,FINE_GRAINED,Direct Reference,Psalm 50,
Temple & Worship,Sacrifices & Offerings,FINE_GRAINED,Direct Reference,Psalm 51,
Temple & Worship,Sacrifices & Offerings,FINE_GRAINED,Direct Reference,Hebrews 9-10,
Temple & Worship,Sacrifices & Offerings,FINE_GRAINED,Direct Reference,1 Corinthians 5:7,
Exile & Diaspora,Assyrian Exile,MID_LEVEL,,,Assyrian Exile - 8 connections
Exile & Diaspora,Assyrian Exile,FINE_GRAINED,Direct Reference,2 Kings 15-17,
Exile & Diaspora,Assyrian Exile,FINE_GRAINED,Direct Reference,2 Chronicles 30,
Exile & Diaspora,Assyrian Exile,FINE_GRAINED,Direct Reference,Isaiah 36-37,
Exile & Diaspora,Assyrian Exile,FINE_GRAINED,Direct Reference,Hosea,
Exile & Diaspora,Assyrian Exile,FINE_GRAINED,Direct Reference,Amos,
Exile & Diaspora,Assyrian Exile,FINE_GRAINED,Direct Reference,Micah,
Exile & Diaspora,Assyrian Exile,FINE_GRAINED,Direct Reference,Judith,
Exile & Diaspora,Assyrian Exile,FINE_GRAINED,Direct Reference,Tobit 1-2,
Exile & Diaspora,Babylonian Exile,MID_LEVEL,,,Babylonian Exile - 8 connections
Exile & Diaspora,Babylonian Exile,FINE_GRAINED,Direct Reference,2 Kings 24-25,
Exile & Diaspora,Babylonian Exile,FINE_GRAINED,Direct Reference,2 Chronicles 36,
Exile & Diaspora,Babylonian Exile,FINE_GRAINED,Direct Reference,Jeremiah 24-29,
Exile & Diaspora,Babylonian Exile,FINE_GRAINED,Direct Reference,Jeremiah 52,
Exile & Diaspora,Babylonian Exile,FINE_GRAINED,Direct Reference,Ezekiel 1-24,
Exile & Diaspora,Babylonian Exile,FINE_GRAINED,Direct Reference,Lamentations,
Exile & Diaspora,Babylonian Exile,FINE_GRAINED,Direct Reference,Daniel 1-6,
Exile & Diaspora,Babylonian Exile,FINE_GRAINED,Direct Reference,Baruch,
Exile & Diaspora,Restoration,MID_LEVEL,,,Restoration - 8 connections
Exile & Diaspora,Restoration,FINE_GRAINED,Direct Reference,Ezra 1-6,
Exile & Diaspora,Restoration,FINE_GRAINED,Direct Reference,Nehemiah 1-13,
Exile & Diaspora,Restoration,FINE_GRAINED,Direct Reference,Haggai,
Exile & Diaspora,Restoration,FINE_GRAINED,Direct Reference,Zechariah,
Exile & Diaspora,Restoration,FINE_GRAINED,Direct Reference,Malachi,
Exile & Diaspora,Restoration,FINE_GRAINED,Direct Reference,Isaiah 40-55,
Exile & Diaspora,Restoration,FINE_GRAINED,Direct Reference,Jeremiah 30-33,
Exile & Diaspora,Restoration,FINE_GRAINED,Direct Reference,Ezekiel 33-48,
Exile & Diaspora,Diaspora Life,MID_LEVEL,,,Diaspora Life - 9 connections
Exile & Diaspora,Diaspora Life,FINE_GRAINED,Direct Reference,Esther,
Exile & Diaspora,Diaspora Life,FINE_GRAINED,Direct Reference,Daniel,
Exile & Diaspora,Diaspora Life,FINE_GRAINED,Direct Reference,Tobit,
Exile & Diaspora,Diaspora Life,FINE_GRAINED,Direct Reference,Judith,
Exile & Diaspora,Diaspora Life,FINE_GRAINED,Direct Reference,1-2 Maccabees,
Exile & Diaspora,Diaspora Life,FINE_GRAINED,Direct Reference,Psalm 137,
Exile & Diaspora,Diaspora Life,FINE_GRAINED,Direct Reference,Psalm 44,
Exile & Diaspora,Diaspora Life,FINE_GRAINED,Direct Reference,Jeremiah 29,
Exile & Diaspora,Diaspora Life,FINE_GRAINED,Direct Reference,Letter of Aristeas,
Ethics & Justice,Social Justice,MID_LEVEL,,,Social Justice - 8 connections
Ethics & Justice,Social Justice,FINE_GRAINED,Direct Reference,Deuteronomy 15,
Ethics & Justice,Social Justice,FINE_GRAINED,Direct Reference,Deuteronomy 24,
Ethics & Justice,Social Justice,FINE_GRAINED,Direct Reference,Isaiah 1:17,
Ethics & Justice,Social Justice,FINE_GRAINED,Direct Reference,Isaiah 58,
Ethics & Justice,Social Justice,FINE_GRAINED,Direct Reference,Jeremiah 22:3,
Ethics & Justice,Social Justice,FINE_GRAINED,Direct Reference,Amos 5:24,
Ethics & Justice,Social Justice,FINE_GRAINED,Direct Reference,Micah 6:8,
Ethics & Justice,Social Justice,FINE_GRAINED,Direct Reference,Zechariah 7:9-10,
Ethics & Justice,Righteousness,MID_LEVEL,,,Righteousness - 8 connections
Ethics & Justice,Righteousness,FINE_GRAINED,Direct Reference,Genesis 15:6,
Ethics & Justice,Righteousness,FINE_GRAINED,Direct Reference,Psalm 1,
Ethics & Justice,Righteousness,FINE_GRAINED,Direct Reference,Psalm 15,
Ethics & Justice,Righteousness,FINE_GRAINED,Direct Reference,Psalm 24,
Ethics & Justice,Righteousness,FINE_GRAINED,Direct Reference,Isaiah 33:15-16,
Ethics & Justice,Righteousness,FINE_GRAINED,Direct Reference,Habakkuk 2:4,
Ethics & Justice,Righteousness,FINE_GRAINED,Direct Reference,Matthew 5-7,
Ethics & Justice,Righteousness,FINE_GRAINED,Direct Reference,Romans 4,
Ethics & Justice,Poverty & Wealth,MID_LEVEL,,,Poverty & Wealth - 8 connections
Ethics & Justice,Poverty & Wealth,FINE_GRAINED,Direct Reference,Deuteronomy 15,
Ethics & Justice,Poverty & Wealth,FINE_GRAINED,Direct Reference,Deuteronomy 24,
Ethics & Justice,Poverty & Wealth,FINE_GRAINED,Direct Reference,Proverbs 13-15,
Ethics & Justice,Poverty & Wealth,FINE_GRAINED,Direct Reference,Proverbs 22-23,
Ethics & Justice,Poverty & Wealth,FINE_GRAINED,Direct Reference,Amos 2-6,
Ethics & Justice,Poverty & Wealth,FINE_GRAINED,Direct Reference,Micah 2-3,
Ethics & Justice,Poverty & Wealth,FINE_GRAINED,Direct Reference,Jeremiah 22,
Ethics & Justice,Poverty & Wealth,FINE_GRAINED,Direct Reference,James 5,
Ethics & Justice,Truth & Falsehood,MID_LEVEL,,,Truth & Falsehood - 7 connections
Ethics & Justice,Truth & Falsehood,FINE_GRAINED,Direct Reference,Exodus 20:16,
Ethics & Justice,Truth & Falsehood,FINE_GRAINED,Direct Reference,Proverbs 12-13,
Ethics & Justice,Truth & Falsehood,FINE_GRAINED,Direct Reference,Proverbs 6:16-19,
Ethics & Justice,Truth & Falsehood,FINE_GRAINED,Direct Reference,Jeremiah 9:5-6,
Ethics & Justice,Truth & Falsehood,FINE_GRAINED,Direct Reference,Zechariah 8:16-17,
Ethics & Justice,Truth & Falsehood,FINE_GRAINED,Direct Reference,Ephesians 4:25,
Ethics & Justice,Truth & Falsehood,FINE_GRAINED,Direct Reference,Colossians 3:9,
Human Nature & Destiny,Creation of Humanity,MID_LEVEL,,,Creation of Humanity - 7 connections
Human Nature & Destiny,Creation of Humanity,FINE_GRAINED,Direct Reference,Genesis 1-2,
Human Nature & Destiny,Creation of Humanity,FINE_GRAINED,Direct Reference,Psalm 8,
Human Nature & Destiny,Creation of Humanity,FINE_GRAINED,Direct Reference,Psalm 139,
Human Nature & Destiny,Creation of Humanity,FINE_GRAINED,Direct Reference,Sirach 17,
Human Nature & Destiny,Creation of Humanity,FINE_GRAINED,Direct Reference,Wisdom 2:23,
Human Nature & Destiny,Creation of Humanity,FINE_GRAINED,Direct Reference,1 Corinthians 15:45-49,
Human Nature & Destiny,Creation of Humanity,FINE_GRAINED,Direct Reference,James 3:7-10,
Human Nature & Destiny,Sin & Fall,MID_LEVEL,,,Sin & Fall - 8 connections
Human Nature & Destiny,Sin & Fall,FINE_GRAINED,Direct Reference,Genesis 3,
Human Nature & Destiny,Sin & Fall,FINE_GRAINED,Direct Reference,Romans 5,
Human Nature & Destiny,Sin & Fall,FINE_GRAINED,Direct Reference,1 Corinthians 15,
Human Nature & Destiny,Sin & Fall,FINE_GRAINED,Direct Reference,Wisdom 2-4,
Human Nature & Destiny,Sin & Fall,FINE_GRAINED,Direct Reference,Sirach 25,
Human Nature & Destiny,Sin & Fall,FINE_GRAINED,Direct Reference,Psalm 51,
Human Nature & Destiny,Sin & Fall,FINE_GRAINED,Direct Reference,Ezekiel 18,
Human Nature & Destiny,Sin & Fall,FINE_GRAINED,Direct Reference,Jeremiah 17,
Human Nature & Destiny,Life After Death,MID_LEVEL,,,Life After Death - 8 connections
Human Nature & Destiny,Life After Death,FINE_GRAINED,Direct Reference,Psalm 16:10,
Human Nature & Destiny,Life After Death,FINE_GRAINED,Direct Reference,Psalm 49,
Human Nature & Destiny,Life After Death,FINE_GRAINED,Direct Reference,Psalm 73,
Human Nature & Destiny,Life After Death,FINE_GRAINED,Direct Reference,Isaiah 26:19,
Human Nature & Destiny,Life After Death,FINE_GRAINED,Direct Reference,Daniel 12:2-3,
Human Nature & Destiny,Life After Death,FINE_GRAINED,Direct Reference,2 Maccabees 7,
Human Nature & Destiny,Life After Death,FINE_GRAINED,Direct Reference,1 Corinthians 15,
Human Nature & Destiny,Life After Death,FINE_GRAINED,Direct Reference,John 5:28-29,
Human Nature & Destiny,Eschatology,MID_LEVEL,,,Eschatology - 8 connections
Human Nature & Destiny,Eschatology,FINE_GRAINED,Direct Reference,Daniel 7-12,
Human Nature & Destiny,Eschatology,FINE_GRAINED,Direct Reference,Isaiah 24-27,
Human Nature & Destiny,Eschatology,FINE_GRAINED,Direct Reference,Ezekiel 38-39,
Human Nature & Destiny,Eschatology,FINE_GRAINED,Direct Reference,Zechariah 12-14,
Human Nature & Destiny,Eschatology,FINE_GRAINED,Direct Reference,Joel 2-3,
Human Nature & Destiny,Eschatology,FINE_GRAINED,Direct Reference,Matthew 24-25,
Human Nature & Destiny,Eschatology,FINE_GRAINED,Direct Reference,Revelation 20-22,
Human Nature & Destiny,Eschatology,FINE_GRAINED,Direct Reference,1 Enoch 91-105,
